x-axis,1
second,Volt
-0.0437200663403,-8.39196e-005
-0.0427200663403,-0.00010402
-0.0417200663403,-0.00010402
-0.0407200663403,-0.00010402
-0.0397200663403,-0.00010402
-0.0387200663403,-6.38191e-005
-0.0377200663403,-6.38191e-005
-0.0367200663403,-7.38694e-005
-0.0357200663403,-5.37689e-005
-0.0347200663403,-3.36684e-005
-0.0337200663403,-1.35679e-005
-0.0327200663403,3.66834e-005
-0.0317200663403,1.65829e-005
-0.0307200663403,-3.51761e-006
-0.0297200663403,3.66834e-005
-0.0287200663403,4.67337e-005
-0.0277200663403,6.68342e-005
-0.0267200663403,0.000107035
-0.0257200663403,9.69849e-005
-0.0247200663403,9.69849e-005
-0.0237200663403,8.69347e-005
-0.0227200663403,8.69347e-005
-0.0217200663403,0.000117085
-0.0207200663403,0.000127136
-0.0197200663403,0.000117085
-0.0187200663403,0.000107035
-0.0177200663403,0.000157286
-0.0167200663403,0.000147236
-0.0157200663403,0.000137186
-0.0147200663403,0.000147236
-0.0137200663403,0.000167337
-0.0127200663403,0.000197487
-0.0117200663403,0.000207538
-0.0107200663403,0.000227638
-0.00972006634031,0.000247739
-0.00872006634031,0.00030804
-0.00772006634031,0.000378392
-0.00672006634031,0.000438693
-0.00572006634031,0.000589447
-0.00472006634031,0.000931156
-0.00372006634031,0.00137337
-0.00272006634031,0.00180553
-0.00172006634031,0.00225779
-0.000720066340312,0.00275025
0.000279933659688,0.00318241
0.00127993365969,0.00364472
0.00227993365969,0.00405678
0.00327993365969,0.00452915
0.00427993365969,0.00500151
0.00527993365969,0.00545377
0.00627993365969,0.00585578
0.00727993365969,0.00619749
0.00827993365969,0.00647889
0.00927993365969,0.00668995
0.0102799336597,0.00683065
0.0112799336597,0.0068608
0.0122799336597,0.0067
0.0132799336597,0.00638844
0.0142799336597,0.00596633
0.0152799336597,0.00545377
0.0162799336597,0.00483065
0.0172799336597,0.00406683
0.0182799336597,0.00323266
0.0192799336597,0.00222764
0.0202799336597,0.00123266
0.0212799336597,0.000117085
0.0222799336597,-0.000998492
0.0232799336597,-0.00204372
0.0242799336597,-0.00304874
0.0252799336597,-0.00391307
0.0262799336597,-0.00466683
0.0272799336597,-0.00526985
0.0282799336597,-0.00570201
0.0292799336597,-0.00604372
0.0302799336597,-0.00621457
0.0312799336597,-0.00628492
0.0322799336597,-0.00632513
0.0332799336597,-0.00621457
0.0342799336597,-0.00601357
0.0352799336597,-0.00573216
0.0362799336597,-0.0054608
0.0372799336597,-0.00506884
0.0382799336597,-0.00462663
0.0392799336597,-0.00417437
0.0402799336597,-0.00371206
0.0412799336597,-0.0032598
0.0422799336597,-0.00284774
0.0432799336597,-0.00234523
0.0442799336597,-0.00191307
0.0452799336597,-0.0014809
0.0462799336597,-0.000988442
0.0472799336597,-0.000536181
0.0482799336597,-8.39196e-005
0.0492799336597,0.000378392
0.0502799336597,0.000810553
0.0512799336597,0.00127286
0.0522799336597,0.00173518
0.0532799336597,0.00214724
0.0542799336597,0.0026196
0.0552799336597,0.00311206
0.0562799336597,0.00354422
0.0572799336597,0.00396633
0.0582799336597,0.00439849
0.0592799336597,0.00483065
0.0602799336597,0.00517236
0.0612799336597,0.00554422
0.0622799336597,0.00583568
0.0632799336597,0.00605678
0.0642799336597,0.00615729
0.0652799336597,0.00626784
0.0662799336597,0.00618744
0.0672799336597,0.00602663
0.0682799336597,0.00581558
0.0692799336597,0.00548392
0.0702799336597,0.00497136
0.0712799336597,0.00432814
0.0722799336597,0.00363467
0.0732799336597,0.00281055
0.0742799336597,0.00189598
0.0752799336597,0.000921106
0.0762799336597,-2.36181e-005
0.0772799336597,-0.000998492
0.0782799336597,-0.00191307
0.0792799336597,-0.00275729
0.0802799336597,-0.00356131
0.0812799336597,-0.00422462
0.0822799336597,-0.00478744
0.0832799336597,-0.00526985
0.0842799336597,-0.00557136
0.0852799336597,-0.00580251
0.0862799336597,-0.00592312
0.0872799336597,-0.00590301
0.0882799336597,-0.00584271
0.0892799336597,-0.00563166
0.0902799336597,-0.00535025
0.0912799336597,-0.00504874
0.0922799336597,-0.00471709
0.0932799336597,-0.00433518
0.0942799336597,-0.00392312
0.0952799336597,-0.00351106
0.0962799336597,-0.00305879
0.0972799336597,-0.00264673
0.0982799336597,-0.00217437
0.0992799336597,-0.00176231
0.10027993366,-0.00131005
0.10127993366,-0.00089799
0.10227993366,-0.000455779
0.10327993366,-2.36181e-005
0.10427993366,0.000428643
0.10527993366,0.000820603
0.10627993366,0.00124271
0.10727993366,0.00171508
0.10827993366,0.00212714
0.10927993366,0.0025593
0.11027993366,0.00295126
0.11127993366,0.00338342
0.11227993366,0.00379548
0.11327993366,0.00419749
0.11427993366,0.00454925
0.11527993366,0.0048809
0.11627993366,0.00518241
0.11727993366,0.00543367
0.11827993366,0.00559447
0.11927993366,0.00571507
0.12027993366,0.00581558
0.12127993366,0.00573518
0.12227993366,0.00560452
0.12327993366,0.00535327
0.12427993366,0.00498141
0.12527993366,0.00450904
0.12627993366,0.00386583
0.12727993366,0.00320251
0.12827993366,0.00244874
0.12927993366,0.00163467
0.13027993366,0.000770352
0.13127993366,-0.00011407
0.13227993366,-0.000928141
0.13327993366,-0.00179246
0.13427993366,-0.00252613
0.13527993366,-0.00326985
0.13627993366,-0.00389296
0.13727993366,-0.00442563
0.13827993366,-0.00486784
0.13927993366,-0.00516935
0.14027993366,-0.00537035
0.14127993366,-0.0054407
0.14227993366,-0.00545075
0.14327993366,-0.0053603
0.14427993366,-0.0051794
0.14527993366,-0.00493819
0.14627993366,-0.00468693
0.14727993366,-0.00439548
0.14827993366,-0.00404372
0.14927993366,-0.00364171
0.15027993366,-0.00328995
0.15127993366,-0.00284774
0.15227993366,-0.00242563
0.15327993366,-0.00206382
0.15427993366,-0.00160151
0.15527993366,-0.0012196
0.15627993366,-0.000797487
0.15727993366,-0.000395477
0.15827993366,2.66331e-005
0.15927993366,0.000458794
0.16027993366,0.000850754
0.16127993366,0.00127286
0.16227993366,0.00164472
0.16327993366,0.00205678
0.16427993366,0.00244874
0.16527993366,0.0028608
0.16627993366,0.00324271
0.16727993366,0.00358442
0.16827993366,0.00391608
0.16927993366,0.00427789
0.17027993366,0.0045794
0.17127993366,0.00493116
0.17227993366,0.00512211
0.17327993366,0.00527286
0.17427993366,0.00534322
0.17527993366,0.00538342
0.17627993366,0.00529297
0.17727993366,0.00512211
0.17827993366,0.0048608
0.17927993366,0.0045392
0.18027993366,0.00405678
0.18127993366,0.00350402
0.18227993366,0.002901
0.18327993366,0.00222764
0.18427993366,0.00146382
0.18527993366,0.0007
0.18627993366,-8.39196e-005
0.18727993366,-0.00090804
0.18827993366,-0.00167186
0.18927993366,-0.00235528
0.19027993366,-0.00299849
0.19127993366,-0.00356131
0.19227993366,-0.00407387
0.19327993366,-0.00449598
0.19427993366,-0.00472714
0.19527993366,-0.00494824
0.19627993366,-0.00501859
0.19727993366,-0.00502864
0.19827993366,-0.00494824
0.19927993366,-0.00478744
0.20027993366,-0.00461658
0.20127993366,-0.00435528
0.20227993366,-0.00407387
0.20327993366,-0.00379246
0.20427993366,-0.0034206
0.20527993366,-0.00305879
0.20627993366,-0.00268693
0.20727993366,-0.00228492
0.20827993366,-0.00188291
0.20927993366,-0.00151106
0.21027993366,-0.00110905
0.21127993366,-0.000737186
0.21227993366,-0.000335176
0.21327993366,5.67839e-005
0.21427993366,0.000428643
0.21527993366,0.000850754
0.21627993366,0.00124271
0.21727993366,0.00163467
0.21827993366,0.00200653
0.21927993366,0.00237839
0.22027993366,0.0027603
0.22127993366,0.00313216
0.22227993366,0.00343367
0.22327993366,0.00376533
0.22427993366,0.00407688
0.22527993366,0.00435829
0.22627993366,0.00456935
0.22727993366,0.00475025
0.22827993366,0.0048809
0.22927993366,0.00494121
0.23027993366,0.00494121
0.23127993366,0.0048407
0.23227993366,0.00464975
0.23327993366,0.00440854
0.23427993366,0.00404673
0.23527993366,0.00362462
0.23627993366,0.00313216
0.23727993366,0.00256935
0.23827993366,0.00193618
0.23927993366,0.00123266
0.24027993366,0.000569347
0.24127993366,-0.000164322
0.24227993366,-0.000877889
0.24327993366,-0.00156131
0.24427993366,-0.00215427
0.24527993366,-0.00277739
0.24627993366,-0.0032799
0.24727993366,-0.00373216
0.24827993366,-0.00407387
0.24927993366,-0.00432513
0.25027993366,-0.00452613
0.25127993366,-0.00460653
0.25227993366,-0.00459648
0.25327993366,-0.00452613
0.25427993366,-0.00441558
0.25527993366,-0.00415427
0.25627993366,-0.00365176
0.25727993366,-0.00367186
0.25827993366,-0.0034809
0.25927993366,-0.0031593
0.26027993366,-0.00279749
0.26127993366,-0.00247588
0.26227993366,-0.00213417
0.26327993366,-0.00175226
0.26427993366,-0.0014005
0.26527993366,-0.00103869
0.26627993366,-0.000676884
0.26727993366,-0.000305025
0.26827993366,8.69347e-005
0.26927993366,0.000478894
0.27027993366,0.000820603
0.27127993366,0.00118241
0.27227993366,0.00154422
0.27327993366,0.00191608
0.27427993366,0.00229799
0.27527993366,0.00260955
0.27627993366,0.00293116
0.27727993366,0.00325276
0.27827993366,0.00355427
0.27927993366,0.00381558
0.28027993366,0.00406683
0.28127993366,0.00424774
0.28227993366,0.00441859
0.28327993366,0.0045191
0.28427993366,0.0045191
0.28527993366,0.00454925
0.28627993366,0.00445879
0.28727993366,0.00430804
0.28827993366,0.00401658
0.28927993366,0.00370502
0.29027993366,0.00333317
0.29127993366,0.0028608
0.29227993366,0.00231809
0.29327993366,0.00170503
0.29427993366,0.00108191
0.29527993366,0.000448744
0.29627993366,-0.000174372
0.29727993366,-0.000807538
0.29827993366,-0.0014608
0.29927993366,-0.00206382
0.30027993366,-0.00259648
0.30127993366,-0.00304874
0.30227993366,-0.0034407
0.30327993366,-0.00374221
0.30427993366,-0.00399347
0.30527993366,-0.00413417
0.30627993366,-0.00421457
0.30727993366,-0.00424472
0.30827993366,-0.00417437
0.30927993366,-0.00406382
0.31027993366,-0.00388291
0.31127993366,-0.00369196
0.31227993366,-0.00345075
0.31327993366,-0.00322965
0.31427993366,-0.00296834
0.31527993366,-0.00263668
0.31627993366,-0.00229497
0.31727993366,-0.00197337
0.31827993366,-0.00162161
0.31927993366,-0.00131005
0.32027993366,-0.000948241
0.32127993366,-0.000596482
0.32227993366,-0.000224623
0.32327993366,0.000117085
0.32427993366,0.000478894
0.32527993366,0.000800502
0.32627993366,0.00116231
0.32727993366,0.00149397
0.32827993366,0.00179548
0.32927993366,0.00214724
0.33027993366,0.002499
0.33127993366,0.0028005
0.33227993366,0.00310201
0.33327993366,0.00334322
0.33427993366,0.00358442
0.33527993366,0.00375528
0.33627993366,0.00393618
0.33727993366,0.00407688
0.33827993366,0.00418744
0.33927993366,0.00419749
0.34027993366,0.00412714
0.34127993366,0.00401658
0.34227993366,0.00385578
0.34327993366,0.00362462
0.34427993366,0.00332312
0.34527993366,0.00296131
0.34627993366,0.002499
0.34727993366,0.00199648
0.34827993366,0.00146382
0.34927993366,0.000921106
0.35027993366,0.000378392
0.35127993366,-0.000204523
0.35227993366,-0.000767337
0.35327993366,-0.00137035
0.35427993366,-0.00188291
0.35527993366,-0.00234523
0.35627993366,-0.00274724
0.35727993366,-0.00314925
0.35827993366,-0.00341055
0.35927993366,-0.00362161
0.36027993366,-0.00378241
0.36127993366,-0.00384271
0.36227993366,-0.00386281
0.36327993366,-0.00381256
0.36427993366,-0.00374221
0.36527993366,-0.00360151
0.36627993366,-0.00339045
0.36727993366,-0.00318945
0.36827993366,-0.00296834
0.36927993366,-0.00269698
0.37027993366,-0.00241558
0.37127993366,-0.00209397
0.37227993366,-0.00177236
0.37327993366,-0.0014407
0.37427993366,-0.00112915
0.37527993366,-0.000817588
0.37627993366,-0.000475879
0.37727993366,-0.000164322
0.37827993366,0.000147236
0.37927993366,0.000478894
0.38027993366,0.000820603
0.38127993366,0.00111206
0.38227993366,0.00145377
0.38327993366,0.00178543
0.38427993366,0.00206683
0.38527993366,0.00235829
0.38627993366,0.0026799
0.38727993366,0.00294121
0.38827993366,0.00312211
0.38927993366,0.00337337
0.39027993366,0.00354422
0.39127993366,0.00369497
0.39227993366,0.00378543
0.39327993366,0.00384573
0.39427993366,0.00386583
0.39527993366,0.00380553
0.39627993366,0.00369497
0.39727993366,0.00353417
0.39827993366,0.00326281
0.39927993366,0.00297136
0.40027993366,0.00264975
0.40127993366,0.00224774
0.40227993366,0.00176533
0.40327993366,0.00132312
0.40427993366,0.000770352
0.40527993366,0.000247739
0.40627993366,-0.000244724
0.40727993366,-0.000787437
0.40827993366,-0.0012598
0.40927993366,-0.00175226
0.41027993366,-0.00216432
0.41127993366,-0.00251608
0.41227993366,-0.00285779
0.41327993366,-0.0031392
0.41427993366,-0.00331005
0.41527993366,-0.0034005
0.41627993366,-0.00351106
0.41727993366,-0.00356131
0.41827993366,-0.0034608
0.41927993366,-0.0033804
0.42027993366,-0.0032598
0.42127993366,-0.00310905
0.42227993366,-0.00293819
0.42327993366,-0.00270704
0.42427993366,-0.00244573
0.42527993366,-0.00219447
0.42627993366,-0.00191307
0.42727993366,-0.00163166
0.42827993366,-0.0013402
0.42927993366,-0.00106884
0.43027993366,-0.000727136
0.43127993366,-0.000415578
0.43227993366,-0.00011407
0.43327993366,0.000187437
0.43427993366,0.000468844
0.43527993366,0.000790452
0.43627993366,0.00109196
0.43727993366,0.00140352
0.43827993366,0.00167487
0.43927993366,0.00197638
0.44027993366,0.00223769
0.44127993366,0.00247889
0.44227993366,0.00273015
0.44327993366,0.00293116
0.44427993366,0.00310201
0.44527993366,0.00327286
0.44627993366,0.00342362
0.44727993366,0.00345377
0.44827993366,0.00349397
0.44927993366,0.00350402
0.45027993366,0.00344372
0.45127993366,0.00334322
0.45227993366,0.00316231
0.45327993366,0.00296131
0.45427993366,0.0026397
0.45527993366,0.00230804
0.45627993366,0.00197638
0.45727993366,0.00155427
0.45827993366,0.00111206
0.45927993366,0.000629648
0.46027993366,0.000167337
0.46127993366,-0.000305025
0.46227993366,-0.000757286
0.46327993366,-0.0011593
0.46427993366,-0.00161156
0.46527993366,-0.00199347
0.46627993366,-0.00232513
0.46727993366,-0.00262663
0.46827993366,-0.00285779
0.46927993366,-0.00299849
0.47027993366,-0.0031191
0.47127993366,-0.00318945
0.47227993366,-0.0032196
0.47327993366,-0.00320955
0.47427993366,-0.00312915
0.47527993366,-0.00297839
0.47627993366,-0.00287789
0.47727993366,-0.00266683
0.47827993366,-0.00244573
0.47927993366,-0.00222462
0.48027993366,-0.00202362
0.48127993366,-0.00176231
0.48227993366,-0.00151106
0.48327993366,-0.0012196
0.48427993366,-0.000948241
0.48527993366,-0.000636683
0.48627993366,-0.000345226
0.48727993366,-2.36181e-005
0.48827993366,0.000207538
0.48927993366,0.000498995
0.49027993366,0.000790452
0.49127993366,0.00107186
0.49227993366,0.00132312
0.49327993366,0.00160452
0.49427993366,0.00185578
0.49527993366,0.00210704
0.49627993366,0.00233819
0.49727993366,0.00254925
0.49827993366,0.00273015
0.49927993366,0.00291106
0.50027993366,0.00305176
0.50127993366,0.00315226
0.50227993366,0.00321256
0.50327993366,0.00325276
0.50427993366,0.00320251
0.50527993366,0.00310201
0.50627993366,0.00300151
0.50727993366,0.00287085
0.50827993366,0.00266985
0.50927993366,0.00238844
0.51027993366,0.00208693
0.51127993366,0.00169497
0.51227993366,0.00135327
0.51327993366,0.000981407
0.51427993366,0.000529146
0.51527993366,0.000127136
0.51627993366,-0.000274874
0.51727993366,-0.000696985
0.51827993366,-0.00110905
0.51927993366,-0.00151106
0.52027993366,-0.00186281
0.52127993366,-0.00211407
0.52227993366,-0.00238543
0.52327993366,-0.00258643
0.52427993366,-0.00272714
0.52527993366,-0.00283769
0.52627993366,-0.00293819
0.52727993366,-0.00290804
0.52827993366,-0.00285779
0.52927993366,-0.00280754
0.53027993366,-0.00273719
0.53127993366,-0.00255628
0.53227993366,-0.00238543
0.53327993366,-0.00221457
0.53427993366,-0.00204372
0.53527993366,-0.00180251
0.53627993366,-0.00157136
0.53727993366,-0.00135025
0.53827993366,-0.00105879
0.53927993366,-0.000777387
0.54027993366,-0.000546231
0.54127993366,-0.000274874
0.54227993366,-3.51761e-006
0.54327993366,0.000237688
0.54427993366,0.000529146
0.54527993366,0.000780402
0.54627993366,0.00104171
0.54727993366,0.00129296
0.54827993366,0.00151407
0.54927993366,0.00176533
0.55027993366,0.00200653
0.55127993366,0.00223769
0.55227993366,0.00240854
0.55327993366,0.00256935
0.55427993366,0.0027
0.55527993366,0.00281055
0.55627993366,0.00291106
0.55727993366,0.00295126
0.55827993366,0.00293116
0.55927993366,0.00294121
0.56027993366,0.0028407
0.56127993366,0.0027402
0.56227993366,0.00254925
0.56327993366,0.00233819
0.56427993366,0.00212714
0.56527993366,0.00184573
0.56627993366,0.00153417
0.56727993366,0.00117236
0.56827993366,0.000840703
0.56927993366,0.000488945
0.57027993366,7.68844e-005
0.57127993366,-0.000234673
0.57227993366,-0.000636683
0.57327993366,-0.00100854
0.57427993366,-0.0013402
0.57527993366,-0.00166181
0.57627993366,-0.00193317
0.57727993366,-0.00217437
0.57827993366,-0.00237538
0.57927993366,-0.00248593
0.58027993366,-0.00260653
0.58127993366,-0.00265678
0.58227993366,-0.00262663
0.58327993366,-0.00262663
0.58427993366,-0.00255628
0.58527993366,-0.00247588
0.58627993366,-0.00233518
0.58727993366,-0.00216432
0.58827993366,-0.00199347
0.58927993366,-0.00183266
0.59027993366,-0.00162161
0.59127993366,-0.00141055
0.59227993366,-0.0011794
0.59327993366,-0.000938191
0.59427993366,-0.000676884
0.59527993366,-0.000455779
0.59627993366,-0.000194472
0.59727993366,3.66834e-005
0.59827993366,0.000277889
0.59927993366,0.000529146
0.60027993366,0.000820603
0.60127993366,0.00102161
0.60227993366,0.00125276
0.60327993366,0.00147387
0.60427993366,0.00165477
0.60527993366,0.00188593
0.60627993366,0.00205678
0.60727993366,0.00223769
0.60827993366,0.00239849
0.60927993366,0.0025191
0.61027993366,0.0025995
0.61127993366,0.0026397
0.61227993366,0.0027
0.61327993366,0.0027201
0.61427993366,0.00266985
0.61527993366,0.0025794
0.61627993366,0.00246884
0.61727993366,0.00228794
0.61827993366,0.00208693
0.61927993366,0.00185578
0.62027993366,0.00159447
0.62127993366,0.00128291
0.62227993366,0.00101156
0.62327993366,0.000679899
0.62427993366,0.000328141
0.62527993366,-3.51761e-006
0.62627993366,-0.000355276
0.62727993366,-0.000686935
0.62827993366,-0.000998492
0.62927993366,-0.0012799
0.63027993366,-0.00151106
0.63127993366,-0.00175226
0.63227993366,-0.00196332
0.63327993366,-0.00214422
0.63427993366,-0.00227487
0.63527993366,-0.00233518
0.63627993366,-0.00240553
0.63727993366,-0.00243568
0.63827993366,-0.00236533
0.63927993366,-0.00232513
0.64027993366,-0.00224472
0.64127993366,-0.00209397
0.64227993366,-0.00199347
0.64327993366,-0.00184271
0.64427993366,-0.00167186
0.64527993366,-0.0014608
0.64627993366,-0.00126985
0.64727993366,-0.00105879
0.64827993366,-0.000847739
0.64927993366,-0.000606533
0.65027993366,-0.000365327
0.65127993366,-0.000124121
0.65227993366,9.69849e-005
0.65327993366,0.000358291
0.65427993366,0.000579397
0.65527993366,0.000780402
0.65627993366,0.000981407
0.65727993366,0.00121256
0.65827993366,0.00144372
0.65927993366,0.00162462
0.66027993366,0.00179548
0.66127993366,0.00195628
0.66227993366,0.00213719
0.66327993366,0.00225779
0.66427993366,0.00234824
0.66527993366,0.00245879
0.66627993366,0.00246884
0.66727993366,0.00246884
0.66827993366,0.00246884
0.66927993366,0.00244874
0.67027993366,0.00236834
0.67127993366,0.00226784
0.67227993366,0.00207688
0.67327993366,0.00187588
0.67427993366,0.00169497
0.67527993366,0.00143367
0.67627993366,0.00116231
0.67727993366,0.000880904
0.67827993366,0.000579397
0.67927993366,0.000277889
0.68027993366,-4.37186e-005
0.68127993366,-0.000355276
0.68227993366,-0.000666834
0.68327993366,-0.00091809
0.68427993366,-0.00122965
0.68527993366,-0.00139045
0.68627993366,-0.00164171
0.68727993366,-0.00185276
0.68827993366,-0.00198342
0.68927993366,-0.00207387
0.69027993366,-0.00214422
0.69127993366,-0.00219447
0.69227993366,-0.00219447
0.69327993366,-0.00218442
0.69427993366,-0.00217437
0.69527993366,-0.00204372
0.69627993366,-0.00195327
0.69727993366,-0.00184271
0.69827993366,-0.00169196
0.69927993366,-0.00152111
0.70027993366,-0.0013201
0.70127993366,-0.0011392
0.70227993366,-0.000928141
0.70327993366,-0.000737186
0.70427993366,-0.00051608
0.70527993366,-0.000284925
0.70627993366,-8.39196e-005
0.70727993366,0.000147236
0.70827993366,0.000358291
0.70927993366,0.000549246
0.71027993366,0.000770352
0.71127993366,0.000981407
0.71227993366,0.00120251
0.71327993366,0.00134322
0.71427993366,0.00155427
0.71527993366,0.00171508
0.71627993366,0.00184573
0.71727993366,0.00196633
0.71827993366,0.00206683
0.71927993366,0.00220754
0.72027993366,0.00226784
0.72127993366,0.00229799
0.72227993366,0.00230804
0.72327993366,0.00227789
0.72427993366,0.00222764
0.72527993366,0.00212714
0.72627993366,0.00199648
0.72727993366,0.00187588
0.72827993366,0.00171508
0.72927993366,0.00151407
0.73027993366,0.00128291
0.73127993366,0.00103166
0.73227993366,0.000760301
0.73327993366,0.000488945
0.73427993366,0.000207538
0.73527993366,-5.37689e-005
0.73627993366,-0.000345226
0.73727993366,-0.000626633
0.73827993366,-0.000867839
0.73927993366,-0.0011191
0.74027993366,-0.00133015
0.74127993366,-0.00152111
0.74227993366,-0.00169196
0.74327993366,-0.00176231
0.74427993366,-0.00189296
0.74527993366,-0.00197337
0.74627993366,-0.00197337
0.74727993366,-0.00197337
0.74827993366,-0.00198342
0.74927993366,-0.00192312
0.75027993366,-0.00185276
0.75127993366,-0.00177236
0.75227993366,-0.00167186
0.75327993366,-0.00149095
0.75427993366,-0.00131005
0.75527993366,-0.0011593
0.75627993366,-0.00100854
0.75727993366,-0.000847739
0.75827993366,-0.000646734
0.75927993366,-0.000455779
0.76027993366,-0.000254774
0.76127993366,-2.36181e-005
0.76227993366,0.000157286
0.76327993366,0.000368342
0.76427993366,0.000559296
0.76527993366,0.000750251
0.76627993366,0.000931156
0.76727993366,0.00112211
0.76827993366,0.00129296
0.76927993366,0.00144372
0.77027993366,0.00157437
0.77127993366,0.00175528
0.77227993366,0.00182563
0.77327993366,0.00194623
0.77427993366,0.00203668
0.77527993366,0.00206683
0.77627993366,0.00212714
0.77727993366,0.00214724
0.77827993366,0.00206683
0.77927993366,0.00200653
0.78027993366,0.00192613
0.78127993366,0.00183568
0.78227993366,0.00170503
0.78327993366,0.00152412
0.78427993366,0.00131307
0.78527993366,0.00112211
0.78627993366,0.000850754
0.78727993366,0.000659799
0.78827993366,0.000438693
0.78927993366,0.000157286
0.79027993366,-9.39699e-005
0.79127993366,-0.000355276
0.79227993366,-0.000596482
0.79327993366,-0.000817588
0.79427993366,-0.00102864
0.79527993366,-0.00122965
0.79627993366,-0.0014005
0.79727993366,-0.00155126
0.79827993366,-0.00166181
0.79927993366,-0.00175226
0.80027993366,-0.00177236
0.80127993366,-0.00182261
0.80227993366,-0.00184271
0.80327993366,-0.00180251
0.80427993366,-0.00178241
0.80527993366,-0.00167186
0.80627993366,-0.00160151
0.80727993366,-0.001501
0.80827993366,-0.0013603
0.80927993366,-0.00118945
0.81027993366,-0.00107889
0.81127993366,-0.00090804
0.81227993366,-0.000727136
0.81327993366,-0.000536181
0.81427993366,-0.000355276
0.81527993366,-0.000164322
0.81627993366,1.65829e-005
0.81727993366,0.000197487
0.81827993366,0.000378392
0.81927993366,0.000539196
0.82027993366,0.000750251
0.82127993366,0.000901005
0.82227993366,0.00107186
0.82327993366,0.00122261
0.82427993366,0.00141357
0.82527993366,0.00151407
0.82627993366,0.00159447
0.82727993366,0.00170503
0.82827993366,0.00181558
0.82927993366,0.00187588
0.83027993366,0.00188593
0.83127993366,0.00193618
0.83227993366,0.00193618
0.83327993366,0.00187588
0.83427993366,0.00180553
0.83527993366,0.00173518
0.83627993366,0.00164472
0.83727993366,0.00153417
0.83827993366,0.00134322
0.83927993366,0.00117236
0.84027993366,0.00101156
0.84127993366,0.000760301
0.84227993366,0.000519095
0.84327993366,0.000328141
0.84427993366,8.69347e-005
0.84527993366,-0.000134171
0.84627993366,-0.000335176
0.84727993366,-0.000576382
0.84827993366,-0.000797487
0.84927993366,-0.000958291
0.85027993366,-0.0011392
0.85127993366,-0.00128995
0.85227993366,-0.0014206
0.85327993366,-0.00152111
0.85427993366,-0.00158141
0.85527993366,-0.00166181
0.85627993366,-0.00167186
0.85727993366,-0.00170201
0.85827993366,-0.00165176
0.85927993366,-0.00155126
0.86027993366,-0.00151106
0.86127993366,-0.00145075
0.86227993366,-0.00131005
0.86327993366,-0.0012196
0.86427993366,-0.00108894
0.86527993366,-0.000958291
0.86627993366,-0.000777387
0.86727993366,-0.000616583
0.86827993366,-0.000425628
0.86927993366,-0.000244724
0.87027993366,-0.00011407
0.87127993366,8.69347e-005
0.87227993366,0.000257789
0.87327993366,0.000418593
0.87427993366,0.000549246
0.87527993366,0.000730151
0.87627993366,0.000911055
0.87727993366,0.00106181
0.87827993366,0.00121256
0.87927993366,0.00130302
0.88027993366,0.00145377
0.88127993366,0.00154422
0.88227993366,0.00162462
0.88327993366,0.00167487
0.88427993366,0.00174523
0.88527993366,0.00182563
0.88627993366,0.00180553
0.88727993366,0.00175528
0.88827993366,0.00175528
0.88927993366,0.00168492
0.89027993366,0.00159447
0.89127993366,0.00148392
0.89227993366,0.00135327
0.89327993366,0.00122261
0.89427993366,0.00105176
0.89527993366,0.000901005
0.89627993366,0.000649749
0.89727993366,0.000498995
0.89827993366,0.00030804
0.89927993366,6.53265e-006
0.90027993366,-0.000164322
0.90127993366,-0.000355276
0.90227993366,-0.000566332
0.90327993366,-0.000737186
0.90427993366,-0.00088794
0.90527993366,-0.00104874
0.90627993366,-0.0011794
0.90727993366,-0.0013201
0.90827993366,-0.0013804
0.90927993366,-0.0014608
0.91027993366,-0.001501
0.91127993366,-0.00152111
0.91227993366,-0.001501
0.91327993366,-0.00149095
0.91427993366,-0.00145075
0.91527993366,-0.00135025
0.91627993366,-0.0013
0.91727993366,-0.00120955
0.91827993366,-0.00110905
0.91927993366,-0.000978392
0.92027993366,-0.000847739
0.92127993366,-0.000666834
0.92227993366,-0.00050603
0.92327993366,-0.000375377
0.92427993366,-0.000254774
0.92527993366,-6.38191e-005
0.92627993366,9.69849e-005
0.92727993366,0.000247739
0.92827993366,0.000418593
0.92927993366,0.000569347
0.93027993366,0.00071005
0.93127993366,0.000860804
0.93227993366,0.000961307
0.93327993366,0.00109196
0.93427993366,0.00124271
0.93527993366,0.00135327
0.93627993366,0.00144372
0.93727993366,0.00151407
0.93827993366,0.00158442
0.93927993366,0.00162462
0.94027993366,0.00162462
0.94127993366,0.00159447
0.94227993366,0.00158442
0.94327993366,0.00158442
0.94427993366,0.00153417
0.94527993366,0.00144372
0.94627993366,0.00133317
0.94727993366,0.00123266
0.94827993366,0.00107186
0.94927993366,0.000931156
0.95027993366,0.000780402
0.95127993366,0.000589447
0.95227993366,0.000388442
0.95327993366,0.000177387
0.95427993366,2.66331e-005
0.95527993366,-0.000184422
0.95627993366,-0.000335176
0.95727993366,-0.00050603
0.95827993366,-0.000686935
0.95927993366,-0.000827638
0.96027993366,-0.000958291
0.96127993366,-0.00109899
0.96227993366,-0.00120955
0.96327993366,-0.0012799
0.96427993366,-0.0013201
0.96527993366,-0.00139045
0.96627993366,-0.00137035
0.96727993366,-0.0013804
0.96827993366,-0.00135025
0.96927993366,-0.00131005
0.97027993366,-0.0012598
0.97127993366,-0.00114925
0.97227993366,-0.00107889
0.97327993366,-0.000998492
0.97427993366,-0.000847739
0.97527993366,-0.000737186
0.97627993366,-0.000616583
0.97727993366,-0.000465829
0.97827993366,-0.000355276
0.97927993366,-0.000194472
0.98027993366,-2.36181e-005
0.98127993366,0.000127136
0.98227993366,0.000257789
0.98327993366,0.000418593
0.98427993366,0.000539196
0.98527993366,0.000669849
0.98627993366,0.000830653
0.98727993366,0.000931156
0.98827993366,0.00106181
0.98927993366,0.00115226
0.99027993366,0.00125276
0.99127993366,0.00133317
0.99227993366,0.00141357
0.99327993366,0.00144372
0.99427993366,0.00150402
0.99527993366,0.00153417
0.99627993366,0.00149397
0.99727993366,0.00149397
0.99827993366,0.00146382
0.99927993366,0.00139347
1.00027993366,0.00128291
1.00127993366,0.00121256
1.00227993366,0.00109196
1.00327993366,0.00100151
1.00427993366,0.000860804
1.00527993366,0.000669849
1.00627993366,0.000529146
1.00727993366,0.000368342
1.00827993366,0.000197487
1.00927993366,1.65829e-005
1.01027993366,-0.000154271
1.01127993366,-0.000315075
1.01227993366,-0.000475879
1.01327993366,-0.000606533
1.01427993366,-0.000767337
1.01527993366,-0.000877889
1.01627993366,-0.000988442
1.01727993366,-0.00105879
1.01827993366,-0.0011392
1.01927993366,-0.00120955
1.02027993366,-0.0012397
1.02127993366,-0.00122965
1.02227993366,-0.0011995
1.02327993366,-0.00118945
1.02427993366,-0.00114925
1.02527993366,-0.00112915
1.02627993366,-0.00100854
1.02727993366,-0.000938191
1.02827993366,-0.000857789
1.02927993366,-0.000737186
1.03027993366,-0.000636683
1.03127993366,-0.00050603
1.03227993366,-0.000405528
1.03327993366,-0.000284925
1.03427993366,-0.000154271
1.03527993366,1.65829e-005
1.03627993366,0.000177387
1.03727993366,0.00028794
1.03827993366,0.000408543
1.03927993366,0.000549246
1.04027993366,0.000629648
1.04127993366,0.000750251
1.04227993366,0.000880904
1.04327993366,0.000981407
1.04427993366,0.00106181
1.04527993366,0.00114221
1.04627993366,0.00120251
1.04727993366,0.00126281
1.04827993366,0.00131307
1.04927993366,0.00137337
1.05027993366,0.00137337
1.05127993366,0.00135327
1.05227993366,0.00134322
1.05327993366,0.00129296
1.05427993366,0.00125276
1.05527993366,0.00116231
1.05627993366,0.00107186
1.05727993366,0.000961307
1.05827993366,0.000840703
1.05927993366,0.000730151
1.06027993366,0.000589447
1.06127993366,0.000448744
1.06227993366,0.00028794
1.06327993366,0.000157286
1.06427993366,-3.51761e-006
1.06527993366,-0.000174372
1.06627993366,-0.000305025
1.06727993366,-0.000445729
1.06827993366,-0.000596482
1.06927993366,-0.000686935
1.07027993366,-0.000827638
1.07127993366,-0.00091809
1.07227993366,-0.000978392
1.07327993366,-0.00101859
1.07427993366,-0.00107889
1.07527993366,-0.00112915
1.07627993366,-0.00114925
1.07727993366,-0.00112915
1.07827993366,-0.0011191
1.07927993366,-0.00102864
1.08027993366,-0.000978392
1.08127993366,-0.000958291
1.08227993366,-0.00088794
1.08327993366,-0.000747236
1.08427993366,-0.000666834
1.08527993366,-0.000566332
1.08627993366,-0.000465829
1.08727993366,-0.000345226
1.08827993366,-0.000214573
1.08927993366,-5.37689e-005
1.09027993366,4.67337e-005
1.09127993366,0.000167337
1.09227993366,0.00029799
1.09327993366,0.000438693
1.09427993366,0.000529146
1.09527993366,0.000629648
1.09627993366,0.000740201
1.09727993366,0.000840703
1.09827993366,0.000860804
1.09927993366,0.00101156
1.10027993366,0.00109196
1.10127993366,0.00114221
1.10227993366,0.00116231
1.10327993366,0.00121256
1.10427993366,0.00126281
1.10527993366,0.00126281
1.10627993366,0.00124271
1.10727993366,0.00121256
1.10827993366,0.00113216
1.10927993366,0.00109196
1.11027993366,0.00104171
1.11127993366,0.000981407
1.11227993366,0.000870854
1.11327993366,0.000750251
1.11427993366,0.000629648
1.11527993366,0.000509045
1.11627993366,0.000338191
1.11727993366,0.000207538
1.11827993366,0.000127136
1.11927993366,-4.37186e-005
1.12027993366,-0.000184422
1.12127993366,-0.000315075
1.12227993366,-0.000475879
1.12327993366,-0.000576382
1.12427993366,-0.000646734
1.12527993366,-0.000696985
1.12627993366,-0.000787437
1.12727993366,-0.00088794
1.12827993366,-0.000958291
1.12927993366,-0.000968342
1.13027993366,-0.000988442
1.13127993366,-0.000988442
1.13227993366,-0.000978392
1.13327993366,-0.000988442
1.13427993366,-0.000938191
1.13527993366,-0.000867839
1.13627993366,-0.000807538
1.13727993366,-0.000696985
1.13827993366,-0.000626633
1.13927993366,-0.000566332
1.14027993366,-0.000475879
1.14127993366,-0.000355276
1.14227993366,-0.000234673
1.14327993366,-0.00011407
1.14427993366,-3.51761e-006
1.14527993366,0.000107035
1.14627993366,0.000187437
1.14727993366,0.000338191
1.14827993366,0.000438693
1.14927993366,0.000539196
1.15027993366,0.000629648
1.15127993366,0.00071005
1.15227993366,0.000810553
1.15327993366,0.000870854
1.15427993366,0.000971357
1.15527993366,0.00104171
1.15627993366,0.00106181
1.15727993366,0.00108191
1.15827993366,0.00111206
1.15927993366,0.00112211
1.16027993366,0.00113216
1.16127993366,0.00113216
1.16227993366,0.00110201
1.16327993366,0.00106181
1.16427993366,0.000981407
1.16527993366,0.000911055
1.16627993366,0.000840703
1.16727993366,0.000750251
1.16827993366,0.000659799
1.16927993366,0.000559296
1.17027993366,0.000418593
1.17127993366,0.000328141
1.17227993366,0.000227638
1.17327993366,7.68844e-005
1.17427993366,-4.37186e-005
1.17527993366,-0.000174372
1.17627993366,-0.000305025
1.17727993366,-0.000375377
1.17827993366,-0.00049598
1.17927993366,-0.000586432
1.18027993366,-0.000686935
1.18127993366,-0.000737186
1.18227993366,-0.000787437
1.18327993366,-0.000837688
1.18427993366,-0.00088794
1.18527993366,-0.000857789
1.18627993366,-0.000857789
1.18727993366,-0.000847739
1.18827993366,-0.000827638
1.18927993366,-0.000817588
1.19027993366,-0.000757286
1.19127993366,-0.000707035
1.19227993366,-0.000606533
1.19327993366,-0.000556281
1.19427993366,-0.00048593
1.19527993366,-0.000395477
1.19627993366,-0.000274874
1.19727993366,-0.000194472
1.19827993366,-8.39196e-005
1.19927993366,2.66331e-005
1.20027993366,0.000137186
1.20127993366,0.000237688
1.20227993366,0.00031809
1.20327993366,0.000388442
1.20427993366,0.000498995
1.20527993366,0.000589447
1.20627993366,0.000639698
1.20727993366,0.000770352
1.20827993366,0.000830653
1.20927993366,0.000880904
1.21027993366,0.000901005
1.21127993366,0.000961307
1.21227993366,0.00102161
1.21327993366,0.00106181
1.21427993366,0.00106181
1.21527993366,0.00108191
1.21627993366,0.00100151
1.21727993366,0.000991457
1.21827993366,0.000981407
1.21927993366,0.000921106
1.22027993366,0.000810553
1.22127993366,0.000760301
1.22227993366,0.0007
1.22327993366,0.000599497
1.22427993366,0.000529146
1.22527993366,0.000378392
1.22627993366,0.00030804
1.22727993366,0.000187437
1.22827993366,5.67839e-005
1.22927993366,-7.38694e-005
1.23027993366,-0.000144221
1.23127993366,-0.000234673
1.23227993366,-0.000345226
1.23327993366,-0.000475879
1.23427993366,-0.000556281
1.23527993366,-0.000616583
1.23627993366,-0.000666834
1.23727993366,-0.000676884
1.23827993366,-0.000757286
1.23927993366,-0.000797487
1.24027993366,-0.000787437
1.24127993366,-0.000807538
1.24227993366,-0.000797487
1.24327993366,-0.000747236
1.24427993366,-0.000696985
1.24527993366,-0.000666834
1.24627993366,-0.000606533
1.24727993366,-0.000546231
1.24827993366,-0.00048593
1.24927993366,-0.000395477
1.25027993366,-0.000294975
1.25127993366,-0.000264824
1.25227993366,-0.000134171
1.25327993366,-3.51761e-006
1.25427993366,4.67337e-005
1.25527993366,0.000147236
1.25627993366,0.000247739
1.25727993366,0.00030804
1.25827993366,0.000388442
1.25927993366,0.000468844
1.26027993366,0.000569347
1.26127993366,0.000619598
1.26227993366,0.0007
1.26327993366,0.000750251
1.26427993366,0.000790452
1.26527993366,0.000870854
1.26627993366,0.000890955
1.26727993366,0.000921106
1.26827993366,0.000941206
1.26927993366,0.000911055
1.27027993366,0.000901005
1.27127993366,0.000890955
1.27227993366,0.000850754
1.27327993366,0.000840703
1.27427993366,0.000800502
1.27527993366,0.0007201
1.27627993366,0.000619598
1.27727993366,0.000569347
1.27827993366,0.000509045
1.27927993366,0.000428643
1.28027993366,0.000338191
1.28127993366,0.000247739
1.28227993366,0.000127136
1.28327993366,2.66331e-005
1.28427993366,-7.38694e-005
1.28527993366,-0.000184422
1.28627993366,-0.000244724
1.28727993366,-0.000325126
1.28827993366,-0.000415578
1.28927993366,-0.000455779
1.29027993366,-0.00050603
1.29127993366,-0.000566332
1.29227993366,-0.000626633
1.29327993366,-0.000686935
1.29427993366,-0.000666834
1.29527993366,-0.000656784
1.29627993366,-0.000676884
1.29727993366,-0.000656784
1.29827993366,-0.000656784
1.29927993366,-0.000606533
1.30027993366,-0.000566332
1.30127993366,-0.000526131
1.30227993366,-0.00048593
1.30327993366,-0.000415578
1.30427993366,-0.000345226
1.30527993366,-0.000244724
1.30627993366,-0.000204523
1.30727993366,-0.00011407
1.30827993366,-1.35679e-005
1.30927993366,4.67337e-005
1.31027993366,0.000177387
1.31127993366,0.000227638
1.31227993366,0.000328141
1.31327993366,0.000378392
1.31427993366,0.000448744
1.31527993366,0.000488945
1.31627993366,0.000549246
1.31727993366,0.000629648
1.31827993366,0.000639698
1.31927993366,0.0007
1.32027993366,0.000750251
1.32127993366,0.000780402
1.32227993366,0.000780402
1.32327993366,0.000790452
1.32427993366,0.000790452
1.32527993366,0.000810553
1.32627993366,0.000770352
1.32727993366,0.000740201
1.32827993366,0.0007
1.32927993366,0.000669849
1.33027993366,0.000629648
1.33127993366,0.000569347
1.33227993366,0.000498995
1.33327993366,0.000428643
1.33427993366,0.000358291
1.33527993366,0.000257789
1.33627993366,0.000177387
1.33727993366,0.000117085
1.33827993366,4.67337e-005
1.33927993366,-5.37689e-005
1.34027993366,-0.000164322
1.34127993366,-0.000234673
1.34227993366,-0.000315075
1.34327993366,-0.000365327
1.34427993366,-0.000415578
1.34527993366,-0.000445729
1.34627993366,-0.00048593
1.34727993366,-0.000546231
1.34827993366,-0.000576382
1.34927993366,-0.000566332
1.35027993366,-0.000606533
1.35127993366,-0.000566332
1.35227993366,-0.000546231
1.35327993366,-0.000556281
1.35427993366,-0.00051608
1.35527993366,-0.00048593
1.35627993366,-0.000445729
1.35727993366,-0.000345226
1.35827993366,-0.000315075
1.35927993366,-0.000244724
1.36027993366,-0.000174372
1.36127993366,-0.00010402
1.36227993366,-7.38694e-005
1.36327993366,4.67337e-005
1.36427993366,8.69347e-005
1.36527993366,0.000177387
1.36627993366,0.000267839
1.36727993366,0.00030804
1.36827993366,0.000378392
1.36927993366,0.000408543
1.37027993366,0.000488945
1.37127993366,0.000549246
1.37227993366,0.000599497
1.37327993366,0.000649749
1.37427993366,0.000669849
1.37527993366,0.000679899
1.37627993366,0.00071005
1.37727993366,0.000730151
1.37827993366,0.000730151
1.37927993366,0.000750251
1.38027993366,0.000730151
1.38127993366,0.0007
1.38227993366,0.000679899
1.38327993366,0.000639698
1.38427993366,0.000599497
1.38527993366,0.000529146
1.38627993366,0.000468844
1.38727993366,0.000448744
1.38827993366,0.000368342
1.38927993366,0.000277889
1.39027993366,0.000217588
1.39127993366,0.000127136
1.39227993366,9.69849e-005
1.39327993366,3.66834e-005
1.39427993366,-4.37186e-005
1.39527993366,-0.00010402
1.39627993366,-0.000194472
1.39727993366,-0.000274874
1.39827993366,-0.000294975
1.39927993366,-0.000335176
1.40027993366,-0.000355276
1.40127993366,-0.000415578
1.40227993366,-0.000425628
1.40327993366,-0.000465829
1.40427993366,-0.00048593
1.40527993366,-0.00048593
1.40627993366,-0.000465829
1.40727993366,-0.000455779
1.40827993366,-0.000435678
1.40927993366,-0.000405528
1.41027993366,-0.000385427
1.41127993366,-0.000355276
1.41227993366,-0.000254774
1.41327993366,-0.000264824
1.41427993366,-0.000184422
1.41527993366,-0.00011407
1.41627993366,-7.38694e-005
1.41727993366,-5.37689e-005
1.41827993366,4.67337e-005
1.41927993366,0.000137186
1.42027993366,0.000187437
1.42127993366,0.000247739
1.42227993366,0.00028794
1.42327993366,0.000348241
1.42427993366,0.000418593
1.42527993366,0.000428643
1.42627993366,0.000498995
1.42727993366,0.000519095
1.42827993366,0.000559296
1.42927993366,0.000589447
1.43027993366,0.000619598
1.43127993366,0.000639698
1.43227993366,0.000659799
1.43327993366,0.000619598
1.43427993366,0.000639698
1.43527993366,0.000649749
1.43627993366,0.000649749
1.43727993366,0.000579397
1.43827993366,0.000539196
1.43927993366,0.000509045
1.44027993366,0.000448744
1.44127993366,0.000428643
1.44227993366,0.000378392
1.44327993366,0.000338191
1.44427993366,0.000257789
1.44527993366,0.000197487
1.44627993366,0.000157286
1.44727993366,6.68342e-005
1.44827993366,-3.51761e-006
1.44927993366,6.53265e-006
1.45027993366,-0.00010402
1.45127993366,-0.000144221
1.45227993366,-0.000194472
1.45327993366,-0.000254774
1.45427993366,-0.000305025
1.45527993366,-0.000335176
1.45627993366,-0.000345226
1.45727993366,-0.000375377
1.45827993366,-0.000395477
1.45927993366,-0.000395477
1.46027993366,-0.000385427
1.46127993366,-0.000335176
1.46227993366,-0.000395477
1.46327993366,-0.000365327
1.46427993366,-0.000315075
1.46527993366,-0.000264824
1.46627993366,-0.000264824
1.46727993366,-0.000214573
1.46827993366,-0.000214573
1.46927993366,-0.000144221
1.47027993366,-5.37689e-005
1.47127993366,-4.37186e-005
1.47227993366,2.66331e-005
1.47327993366,7.68844e-005
1.47427993366,0.000157286
1.47527993366,0.000177387
1.47627993366,0.000237688
1.47727993366,0.000267839
1.47827993366,0.000338191
1.47927993366,0.000398492
1.48027993366,0.000408543
1.48127993366,0.000428643
1.48227993366,0.000468844
1.48327993366,0.000529146
1.48427993366,0.000549246
1.48527993366,0.000569347
1.48627993366,0.000579397
1.48727993366,0.000559296
1.48827993366,0.000579397
1.48927993366,0.000549246
1.49027993366,0.000529146
1.49127993366,0.000519095
1.49227993366,0.000539196
1.49327993366,0.000519095
1.49427993366,0.000448744
1.49527993366,0.000428643
1.49627993366,0.000358291
1.49727993366,0.000348241
1.49827993366,0.00028794
1.49927993366,0.000237688
1.50027993366,0.000197487
1.50127993366,0.000137186
1.50227993366,8.69347e-005
1.50327993366,2.66331e-005
1.50427993366,-3.51761e-006
1.50527993366,-6.38191e-005
1.50627993366,-0.000124121
1.50727993366,-0.000174372
1.50827993366,-0.000204523
1.50927993366,-0.000234673
1.51027993366,-0.000244724
1.51127993366,-0.000294975
1.51227993366,-0.000325126
1.51327993366,-0.000294975
1.51427993366,-0.000274874
1.51527993366,-0.000305025
1.51627993366,-0.000305025
1.51727993366,-0.000315075
1.51827993366,-0.000284925
1.51927993366,-0.000254774
1.52027993366,-0.000224623
1.52127993366,-0.000194472
1.52227993366,-0.000154271
1.52327993366,-0.000134171
1.52427993366,-0.00011407
1.52527993366,-5.37689e-005
1.52627993366,-1.35679e-005
1.52727993366,3.66834e-005
1.52827993366,7.68844e-005
1.52927993366,0.000117085
1.53027993366,0.000157286
1.53127993366,0.000237688
1.53227993366,0.000257789
1.53327993366,0.00029799
1.53427993366,0.00031809
1.53527993366,0.000368342
1.53627993366,0.000408543
1.53727993366,0.000418593
1.53827993366,0.000438693
1.53927993366,0.000448744
1.54027993366,0.000488945
1.54127993366,0.000488945
1.54227993366,0.000478894
1.54327993366,0.000488945
1.54427993366,0.000478894
1.54527993366,0.000468844
1.54627993366,0.000468844
1.54727993366,0.000428643
1.54827993366,0.000408543
1.54927993366,0.000388442
1.55027993366,0.000368342
1.55127993366,0.000338191
1.55227993366,0.00028794
1.55327993366,0.000257789
1.55427993366,0.000217588
1.55527993366,0.000177387
1.55627993366,0.000117085
1.55727993366,6.68342e-005
1.55827993366,5.67839e-005
1.55927993366,4.67337e-005
1.56027993366,-3.51761e-006
1.56127993366,-6.38191e-005
1.56227993366,-0.00010402
1.56327993366,-0.000134171
1.56427993366,-0.000164322
1.56527993366,-0.000144221
1.56627993366,-0.000194472
1.56727993366,-0.000234673
1.56827993366,-0.000224623
1.56927993366,-0.000234673
1.57027993366,-0.000244724
1.57127993366,-0.000234673
1.57227993366,-0.000224623
1.57327993366,-0.000154271
1.57427993366,-0.000174372
1.57527993366,-0.000164322
1.57627993366,-0.000164322
1.57727993366,-0.00011407
1.57827993366,-4.37186e-005
1.57927993366,-4.37186e-005
1.58027993366,-1.35679e-005
1.58127993366,6.53265e-006
1.58227993366,7.68844e-005
1.58327993366,0.000107035
1.58427993366,0.000157286
1.58527993366,0.000157286
1.58627993366,0.000207538
1.58727993366,0.000257789
1.58827993366,0.000267839
1.58927993366,0.00029799
1.59027993366,0.000338191
1.59127993366,0.000338191
1.59227993366,0.000388442
1.59327993366,0.000368342
1.59427993366,0.000398492
1.59527993366,0.000458794
1.59627993366,0.000448744
1.59727993366,0.000418593
1.59827993366,0.000438693
1.59927993366,0.000408543
1.60027993366,0.000418593
1.60127993366,0.000398492
1.60227993366,0.000378392
1.60327993366,0.000348241
1.60427993366,0.000328141
1.60527993366,0.00030804
1.60627993366,0.00029799
1.60727993366,0.000267839
1.60827993366,0.000237688
1.60927993366,0.000197487
1.61027993366,0.000137186
1.61127993366,0.000137186
1.61227993366,7.68844e-005
1.61327993366,9.69849e-005
1.61427993366,3.66834e-005
1.61527993366,1.65829e-005
1.61627993366,-3.36684e-005
1.61727993366,-2.36181e-005
1.61827993366,-5.37689e-005
1.61927993366,-0.00011407
1.62027993366,-0.000134171
1.62127993366,-0.000144221
1.62227993366,-0.000134171
1.62327993366,-0.000134171
1.62427993366,-0.000144221
1.62527993366,-0.000154271
1.62627993366,-0.000144221
1.62727993366,-0.000134171
1.62827993366,-0.00011407
1.62927993366,-0.000124121
1.63027993366,-8.39196e-005
1.63127993366,-6.38191e-005
1.63227993366,-6.38191e-005
1.63327993366,-3.36684e-005
1.63427993366,6.53265e-006
1.63527993366,2.66331e-005
1.63627993366,6.68342e-005
1.63727993366,8.69347e-005
1.63827993366,0.000117085
1.63927993366,0.000167337
1.64027993366,0.000207538
1.64127993366,0.000177387
1.64227993366,0.000207538
1.64327993366,0.000207538
1.64427993366,0.000267839
1.64527993366,0.000277889
1.64627993366,0.00029799
1.64727993366,0.00030804
1.64827993366,0.00031809
1.64927993366,0.00031809
1.65027993366,0.00031809
1.65127993366,0.000348241
1.65227993366,0.000348241
1.65327993366,0.000338191
1.65427993366,0.000328141
1.65527993366,0.000338191
1.65627993366,0.000338191
1.65727993366,0.00028794
1.65827993366,0.000257789
1.65927993366,0.00029799
1.66027993366,0.000247739
1.66127993366,0.000217588
1.66227993366,0.000207538
1.66327993366,0.000187437
1.66427993366,0.000187437
1.66527993366,0.000137186
1.66627993366,0.000107035
1.66727993366,8.69347e-005
1.66827993366,5.67839e-005
1.66927993366,4.67337e-005
1.67027993366,3.66834e-005
1.67127993366,6.53265e-006
1.67227993366,-3.51761e-006
1.67327993366,-3.51761e-006
1.67427993366,-1.35679e-005
1.67527993366,-2.36181e-005
1.67627993366,-7.38694e-005
1.67727993366,-5.37689e-005
1.67827993366,-6.38191e-005
1.67927993366,-5.37689e-005
1.68027993366,-9.39699e-005
1.68127993366,-7.38694e-005
1.68227993366,-6.38191e-005
1.68327993366,-6.38191e-005
1.68427993366,-5.37689e-005
1.68527993366,-5.37689e-005
1.68627993366,2.66331e-005
1.68727993366,6.53265e-006
1.68827993366,3.66834e-005
1.68927993366,5.67839e-005
1.69027993366,9.69849e-005
1.69127993366,8.69347e-005
1.69227993366,0.000117085
1.69327993366,0.000157286
1.69427993366,0.000187437
1.69527993366,0.000177387
1.69627993366,0.000187437
1.69727993366,0.000207538
1.69827993366,0.000237688
1.69927993366,0.000217588
1.70027993366,0.000237688
1.70127993366,0.000267839
1.70227993366,0.000277889
1.70327993366,0.000277889
1.70427993366,0.000328141
1.70527993366,0.00030804
1.70627993366,0.00030804
1.70727993366,0.000328141
1.70827993366,0.00031809
1.70927993366,0.00030804
1.71027993366,0.000277889
1.71127993366,0.000267839
1.71227993366,0.000277889
1.71327993366,0.000267839
1.71427993366,0.00029799
1.71527993366,0.000257789
1.71627993366,0.000217588
1.71727993366,0.000197487
1.71827993366,0.000167337
1.71927993366,0.000187437
1.72027993366,0.000157286
1.72127993366,0.000147236
1.72227993366,0.000117085
1.72327993366,7.68844e-005
1.72427993366,5.67839e-005
1.72527993366,4.67337e-005
1.72627993366,6.68342e-005
1.72727993366,1.65829e-005
1.72827993366,-2.36181e-005
1.72927993366,6.53265e-006
1.73027993366,-3.51761e-006
1.73127993366,-6.38191e-005
1.73227993366,-2.36181e-005
1.73327993366,-2.36181e-005
1.73427993366,-4.37186e-005
1.73527993366,-5.37689e-005
1.73627993366,-3.36684e-005
1.73727993366,-1.35679e-005
1.73827993366,-2.36181e-005
1.73927993366,-3.36684e-005
1.74027993366,6.53265e-006
1.74127993366,-1.35679e-005
1.74227993366,3.66834e-005
1.74327993366,5.67839e-005
1.74427993366,5.67839e-005
1.74527993366,8.69347e-005
1.74627993366,9.69849e-005
1.74727993366,7.68844e-005
1.74827993366,6.68342e-005
1.74927993366,0.000117085
1.75027993366,0.000147236
1.75127993366,0.000157286
1.75227993366,0.000177387
1.75327993366,0.000187437
1.75427993366,0.000167337
1.75527993366,0.000187437
1.75627993366,0.000187437
1.75727993366,0.000187437
1.75827993366,0.000197487
1.75927993366,0.000217588
1.76027993366,0.000217588
1.76127993366,0.000207538
1.76227993366,0.000217588
1.76327993366,0.000177387
1.76427993366,0.000197487
1.76527993366,0.000167337
1.76627993366,0.000197487
1.76727993366,0.000177387
1.76827993366,0.000167337
1.76927993366,0.000157286
1.77027993366,0.000177387
1.77127993366,0.000177387
1.77227993366,0.000157286
1.77327993366,0.000137186
1.77427993366,0.000107035
1.77527993366,0.000137186
1.77627993366,0.000137186
1.77727993366,6.68342e-005
1.77827993366,6.68342e-005
1.77927993366,8.69347e-005
1.78027993366,8.69347e-005
1.78127993366,0.000117085
1.78227993366,4.67337e-005
1.78327993366,4.67337e-005
1.78427993366,8.69347e-005
1.78527993366,6.68342e-005
1.78627993366,5.67839e-005
1.78727993366,6.68342e-005
1.78827993366,9.69849e-005
1.78927993366,4.67337e-005
1.79027993366,4.67337e-005
1.79127993366,5.67839e-005
1.79227993366,5.67839e-005
1.79327993366,6.68342e-005
1.79427993366,6.68342e-005
1.79527993366,4.67337e-005
1.79627993366,8.69347e-005
1.79727993366,7.68844e-005
1.79827993366,8.69347e-005
1.79927993366,7.68844e-005
1.80027993366,7.68844e-005
1.80127993366,9.69849e-005
1.80227993366,0.000117085
1.80327993366,0.000107035
1.80427993366,0.000107035
1.80527993366,0.000117085
1.80627993366,0.000137186
1.80727993366,0.000107035
1.80827993366,0.000147236
1.80927993366,0.000117085
1.81027993366,0.000137186
1.81127993366,0.000127136
1.81227993366,0.000127136
1.81327993366,0.000107035
1.81427993366,0.000107035
1.81527993366,0.000137186
1.81627993366,0.000167337
1.81727993366,0.000137186
1.81827993366,0.000147236
1.81927993366,0.000117085
1.82027993366,0.000147236
1.82127993366,0.000147236
1.82227993366,0.000137186
1.82327993366,0.000107035
1.82427993366,0.000117085
1.82527993366,0.000157286
1.82627993366,0.000117085
1.82727993366,0.000157286
1.82827993366,0.000157286
1.82927993366,0.000117085
1.83027993366,0.000147236
1.83127993366,0.000137186
1.83227993366,9.69849e-005
1.83327993366,0.000107035
1.83427993366,0.000137186
1.83527993366,0.000137186
1.83627993366,0.000167337
1.83727993366,0.000107035
1.83827993366,0.000107035
1.83927993366,0.000137186
1.84027993366,0.000147236
1.84127993366,0.000117085
1.84227993366,0.000117085
1.84327993366,0.000137186
1.84427993366,0.000107035
1.84527993366,0.000127136
1.84627993366,0.000117085
1.84727993366,0.000117085
1.84827993366,0.000127136
1.84927993366,0.000127136
1.85027993366,0.000157286
1.85127993366,0.000127136
1.85227993366,0.000167337
1.85327993366,0.000117085
1.85427993366,0.000117085
1.85527993366,0.000127136
1.85627993366,0.000157286
1.85727993366,0.000147236
1.85827993366,0.000117085
1.85927993366,0.000137186
1.86027993366,0.000147236
1.86127993366,0.000137186
1.86227993366,0.000137186
1.86327993366,0.000127136
1.86427993366,0.000137186
1.86527993366,0.000147236
1.86627993366,0.000147236
1.86727993366,0.000117085
1.86827993366,0.000117085
1.86927993366,0.000107035
1.87027993366,0.000127136
1.87127993366,0.000127136
1.87227993366,0.000147236
1.87327993366,0.000137186
1.87427993366,0.000117085
1.87527993366,0.000137186
1.87627993366,0.000127136
1.87727993366,0.000117085
1.87827993366,0.000157286
1.87927993366,0.000147236
1.88027993366,0.000117085
1.88127993366,0.000117085
1.88227993366,0.000117085
1.88327993366,8.69347e-005
1.88427993366,0.000107035
1.88527993366,0.000137186
1.88627993366,0.000117085
1.88727993366,0.000107035
1.88827993366,9.69849e-005
1.88927993366,0.000127136
1.89027993366,0.000167337
1.89127993366,0.000147236
1.89227993366,0.000127136
1.89327993366,0.000127136
1.89427993366,0.000117085
1.89527993366,0.000107035
1.89627993366,9.69849e-005
1.89727993366,0.000107035
1.89827993366,0.000107035
1.89927993366,0.000107035
1.90027993366,0.000137186
1.90127993366,0.000117085
1.90227993366,0.000127136
1.90327993366,0.000107035
1.90427993366,9.69849e-005
1.90527993366,0.000117085
1.90627993366,0.000117085
1.90727993366,9.69849e-005
1.90827993366,0.000137186
1.90927993366,0.000107035
1.91027993366,0.000127136
1.91127993366,9.69849e-005
1.91227993366,0.000127136
1.91327993366,0.000107035
1.91427993366,0.000117085
1.91527993366,9.69849e-005
1.91627993366,8.69347e-005
1.91727993366,0.000107035
1.91827993366,0.000107035
1.91927993366,0.000127136
1.92027993366,9.69849e-005
1.92127993366,0.000107035
1.92227993366,0.000107035
1.92327993366,0.000127136
1.92427993366,0.000107035
1.92527993366,0.000127136
1.92627993366,0.000137186
1.92727993366,0.000127136
1.92827993366,0.000137186
1.92927993366,0.000127136
1.93027993366,0.000137186
1.93127993366,0.000137186
1.93227993366,0.000127136
1.93327993366,0.000127136
1.93427993366,0.000147236
1.93527993366,0.000117085
1.93627993366,0.000127136
1.93727993366,0.000137186
1.93827993366,0.000177387
1.93927993366,0.000157286
1.94027993366,0.000127136
1.94127993366,0.000107035
1.94227993366,0.000137186
1.94327993366,0.000147236
1.94427993366,0.000127136
1.94527993366,0.000107035
1.94627993366,0.000107035
1.94727993366,0.000117085
1.94827993366,0.000127136
1.94927993366,0.000117085
1.95027993366,0.000137186
1.95127993366,0.000127136
1.95227993366,0.000117085
1.95327993366,0.000117085
1.95427993366,0.000107035
1.95527993366,0.000137186